<?xml version='1.0' encoding='UTF-8'?>
<root version="2.3.8">
 <tabbed_widget name="Main Window" parent="main_window">
  <plotmatrix tab_name="plot" rows="3" columns="3">
   <plot col="0" row="0">
    <range top="1.289415" right="10.561524" bottom="-4.824176" left="-2.898439"/>
    <limitY/>
    <curve name="/airsim_node/Drone0/odom_local_ned/pose/position/[x;y]" G="127" curve_y="/airsim_node/Drone0/odom_local_ned/pose/position/y" curve_x="/airsim_node/Drone0/odom_local_ned/pose/position/x" R="255" B="14" custom_transform="XYPlot"/>
    <curve name="/rfly/dist/point/[x;y]" G="76" curve_y="/rfly/dist/point/y" curve_x="/rfly/dist/point/x" R="241" B="193" custom_transform="XYPlot"/>
    <transform value="XYPlot"/>
   </plot>
   <plot col="0" row="1">
    <range top="7.921105" right="50.901177" bottom="-0.376422" left="0.000000"/>
    <limitY/>
    <curve name="/airsim_node/Drone0/odom_local_ned/pose/position/x" G="190" R="23" B="207" custom_transform="noTransform"/>
    <curve name="/rfly/dist/point/x" G="189" R="188" B="34" custom_transform="noTransform"/>
    <transform value="noTransform"/>
   </plot>
   <plot col="0" row="2">
    <range top="1.160954" right="50.901214" bottom="-1.008603" left="0.000008"/>
    <limitY/>
    <curve name="/airsim_node/Drone0/odom_local_ned/twist/linear/x" G="76" R="241" B="193" custom_transform="noTransform"/>
    <curve name="/rfly/velocity/point/x" G="103" R="148" B="189" custom_transform="noTransform"/>
    <transform value="noTransform"/>
   </plot>
   <plot col="1" row="0">
    <range top="1.025000" right="50.901225" bottom="-0.025000" left="9.150213"/>
    <limitY/>
    <curve name="/rfly/feature/data" G="103" R="148" B="189" custom_transform="noTransform"/>
    <transform value="noTransform"/>
   </plot>
   <plot col="1" row="1">
    <range top="1.289415" right="50.901177" bottom="-4.699413" left="0.000000"/>
    <limitY/>
    <curve name="/airsim_node/Drone0/odom_local_ned/pose/position/y" G="119" R="31" B="180" custom_transform="noTransform"/>
    <curve name="/rfly/dist/point/y" G="39" R="214" B="40" custom_transform="noTransform"/>
    <transform value="noTransform"/>
   </plot>
   <plot col="1" row="2">
    <range top="2.357103" right="50.901214" bottom="-1.803914" left="0.000008"/>
    <limitY/>
    <curve name="/airsim_node/Drone0/odom_local_ned/twist/linear/y" G="190" R="23" B="207" custom_transform="noTransform"/>
    <curve name="/rfly/velocity/point/y" G="189" R="188" B="34" custom_transform="noTransform"/>
    <transform value="noTransform"/>
   </plot>
   <plot col="2" row="0">
    <range top="1.000000" right="1.000000" bottom="0.000000" left="0.000000"/>
    <limitY/>
    <transform value="noTransform"/>
   </plot>
   <plot col="2" row="1">
    <range top="0.103515" right="50.901177" bottom="-4.244102" left="0.000000"/>
    <limitY/>
    <curve name="/airsim_node/Drone0/odom_local_ned/pose/position/z" G="201" R="26" B="56" custom_transform="noTransform"/>
    <curve name="/rfly/dist/point/z" G="127" R="255" B="14" custom_transform="noTransform"/>
    <transform value="noTransform"/>
   </plot>
   <plot col="2" row="2">
    <range top="1.342641" right="50.901214" bottom="-9.622457" left="0.000008"/>
    <limitY/>
    <curve name="/airsim_node/Drone0/odom_local_ned/twist/linear/z" G="119" R="31" B="180" custom_transform="noTransform"/>
    <curve name="/rfly/velocity/point/z" G="39" R="214" B="40" custom_transform="noTransform"/>
    <transform value="noTransform"/>
   </plot>
  </plotmatrix>
  <currentPlotMatrix index="0"/>
 </tabbed_widget>
 <use_relative_time_offset enabled="1"/>
 <!-- - - - - - - - - - - - - - - -->
 <!-- - - - - - - - - - - - - - - -->
 <Plugins>
  <plugin ID="DataLoad CSV">
   <default time_axis=""/>
  </plugin>
  <plugin ID="DataLoad ROS bags">
   <use_header_stamp value="false"/>
   <use_renaming_rules value="true"/>
   <discard_large_arrays value="true"/>
   <max_array_size value="100"/>
  </plugin>
  <plugin ID="DataLoad ULog"/>
  <plugin ID="ROS Topic Subscriber">
   <use_header_stamp value="false"/>
   <use_renaming_rules value="true"/>
   <discard_large_arrays value="true"/>
   <max_array_size value="100"/>
  </plugin>
  <plugin ID="ROS /rosout Visualization" status="idle"/>
  <plugin ID="ROS Topic Re-Publisher" status="idle"/>
 </Plugins>
 <!-- - - - - - - - - - - - - - - -->
 <previouslyLoaded_Datafiles>
  <fileInfo filename="/home/zhenglong/guidance_ws/src/airsim_environment/bag/data.bag" prefix="">
   <selected_datasources value="/airsim_node/Drone0/odom_local_ned;/rfly/dist;/rfly/feature;/rfly/velocity"/>
   <plugin ID="DataLoad ROS bags">
    <use_header_stamp value="false"/>
    <use_renaming_rules value="true"/>
    <discard_large_arrays value="true"/>
    <max_array_size value="100"/>
   </plugin>
  </fileInfo>
 </previouslyLoaded_Datafiles>
 <!-- - - - - - - - - - - - - - - -->
 <customMathEquations/>
 <snippets>
  <snippet language="JS" name="1st_derivative">
   <global>var prevX = 0
var prevY = 0</global>
   <equation>dx = time - prevX
dy = value - prevY
prevX = time
prevY = value

return dy/dx</equation>
  </snippet>
  <snippet language="JS" name="1st_order_lowpass">
   <global>var prevY = 0
var alpha = 0.1</global>
   <equation>prevY = alpha * value + (1.-alpha) * prevY

return prevY</equation>
  </snippet>
  <snippet language="JS" name="2D_velocity">
   <global>var prev_x = 0
var prev_y = 0
var prev_t = 0</global>
   <equation>X = $$your_odometry/position/x$$
Y = $$your_odometry/position/y$$

var dist = sqrt( (X-prev_x)*(X-prev_x) + (Y-prev_y)*(Y-prev_y) )
var dT = time - prev_t

prev_x = X
prev_y = Y
prev_t = time

return dist / dT</equation>
  </snippet>
  <snippet language="JS" name="average_two_curves">
   <global></global>
   <equation>a = $$PLOT_A$$
b = $$PLOT_B$$

return (a+b)/2</equation>
  </snippet>
  <snippet language="JS" name="integral">
   <global>var integral = 0</global>
   <equation>integral += value
return integral</equation>
  </snippet>
  <snippet language="JS" name="rad_to_deg">
   <global></global>
   <equation>return value*180/3.1417</equation>
  </snippet>
  <snippet language="JS" name="remove_offset">
   <global>var is_first = true
var first_value = 0</global>
   <equation>if (is_first)
{
  is_first = false
  first_value = value
}

return value - first_value</equation>
  </snippet>
  <snippet language="JS" name="yaw_from_quaternion">
   <global>// source: https://en.wikipedia.org/wiki/Conversion_between_quaternions_and_Euler_angles

function quaternionToYaw(x, y, z, w)
{
  // yaw (z-axis rotation)
  t1 = 2.0 * (w * z + x * y);
  t2 = 1.0 - 2.0 * (y * y + z * z);
  yaw = Math.atan2(t1, t2);

  return yaw
}</global>
   <equation>return quaternionToYaw(x, y, z, w);</equation>
  </snippet>
 </snippets>
 <!-- - - - - - - - - - - - - - - -->
</root>

